customer_id,monthly_income,loan_amount,age,employment_years,credit_history_years,num_credit_accounts,num_late_payments,credit_utilization,previous_defaults,loan_term_months,debt_to_income_ratio,credit_score,default_flag,payment_to_income_ratio,loan_to_income_ratio,employment_score,credit_quality_score,has_delinquency,flag_high_dti,flag_low_credit,flag_high_util,flag_recent_default,flag_unstable_employment,total_risk_flags,affordability_score,woe_credit_score,emp_fulltime,emp_selfemployed,emp_unemployed,edu_bachelors,edu_masters,edu_doctorate,home_rent,home_mortgage,purpose_debt,purpose_auto,purpose_personal,_FROM_,_INTO_,IP_1,IP_0,XP_1,XP_0,_LEVEL_,pd_logistic,pred_logistic,base_score,score_range,credit_risk_score,risk_grade,recommendation,base_rate,interest_rate
CUST000001,$0.27,$0.42,1.2802707242,1.3889304858,6,2,-0.405201794,1.4598679296,0,24,0.9380573541,651,0,1.0782552999,0.2902253258,1.6629739988,0.1100905232,0,1,0,0,0,0,1,-0.52695833,0.1047768013,1,0,0,0,1,0,0,1,1,0,0,0,0,0.2287036352,0.7712963648,0.2287759945,0.7712240055,1,0.2287036352,0,600,250,793,A,Approve,0.05,5.00%
CUST000002,$-0.89,$-0.75,-1.885811443,-1.093021077,2,4,-0.405201794,1.6654038732,0,48,-0.425920056,643,0,-0.669252183,-0.485518864,-0.923332551,0.0522221097,0,1,0,0,0,0,1,-0.174555508,-0.381979311,1,0,0,0,0,0,0,1,0,0,0,0,0,0.2217823311,0.7782176689,0.221850164,0.778149836,1,0.2217823311,0,600,250,795,A,Approve,0.05,5.00%
CUST000003,$0.05,$0.09,0.1678634762,0.3252369589,5,3,-0.405201794,-0.036414666,0,24,0.4253607987,723,0,0.6997515449,0.0630060488,0.5545569061,0.6309062448,0,1,0,0,0,0,1,-0.464534838,0.5606611102,1,0,0,0,1,0,1,0,1,0,0,0,0,0.1623372427,0.8376627573,0.1624087578,0.8375912422,1,0.1623372427,0,600,250,809,A,Approve,0.05,5.00%
CUST000005,$0.41,$0.47,-0.345555254,-0.738456568,7,6,-0.405201794,0.0245250689,0,36,-0.258750249,712,0,0.1241741067,0.2190482029,-0.553860187,0.5513371763,0,1,0,0,0,0,1,-0.336458661,0.5606611102,1,0,0,0,1,0,1,0,0,1,0,0,0,0.1640907557,0.8359092443,0.1641598067,0.8358401933,1,0.1640907557,0,600,250,809,A,Approve,0.05,5.00%
CUST000006,$0.32,$-0.16,0.1678634762,1.9207772493,5,2,-0.405201794,1.9307902794,0,36,-0.816920252,666,1,-0.425745178,-0.505815808,2.2171825452,0.2185937986,0,1,0,0,0,0,1,-0.127785007,0.1047768013,1,0,0,1,0,0,0,1,0,0,0,1,0,0.2072451791,0.7927548209,0.2069994849,0.7930005151,1,0.2072451791,0,600,250,798,A,Approve,0.05,5.00%
CUST000007,$-0.71,$-1.12,-0.858973984,0.1479547044,3,6,-0.405201794,1.2569221635,0,36,-1.420709843,640,0,-1.501216661,-1.662741619,0.3698207239,0.0305214547,0,0,0,0,0,0,0,3.5174868362,-0.381979311,1,0,0,0,0,0,1,0,1,0,0,0,0,0.074337888,0.925662112,0.0744753142,0.9255246858,1,0.074337888,0,600,250,831,A,Approve,0.05,5.00%
CUST000008,$-0.35,$-0.11,1.8792592424,0.3252369589,10,5,-0.405201794,0.5399130553,0,36,0.2591307417,655,0,0.1682870732,0.2322945657,0.5545569061,0.13902473,0,1,0,0,0,0,1,-0.433353129,0.1047768013,1,0,0,0,0,0,0,1,0,0,0,0,0,0.2232529187,0.7767470813,0.2233195079,0.7766804921,1,0.2232529187,0,600,250,794,A,Approve,0.05,5.00%
CUST000010,$3.13,$-0.47,1.3658405125,-0.738456568,3,2,-0.405201794,-0.390147667,0,48,-1.638591669,704,0,-1.397081165,-1.44535121,-0.701649132,0.4934687627,0,0,0,0,0,0,0,2.1941539699,0.5606611102,0,1,0,0,0,1,1,0,0,0,0,0,0,0.0767524646,0.9232475354,0.0768205078,0.9231794922,1,0.0767524646,0,600,250,831,A,Approve,0.05,5.00%
CUST000012,$-0.22,$0.62,-1.201253137,-0.383892059,4,3,-0.405201794,-0.609303428,0,24,1.9579222312,641,0,2.2134590929,1.3253532582,-0.184387822,0.0377550064,0,1,0,0,0,0,1,-0.596768747,-0.381979311,1,0,0,1,0,0,1,0,0,1,0,0,0,0.207546411,0.792453589,0.2076460579,0.7923539421,1,0.207546411,0,600,250,798,A,Approve,0.05,5.00%
CUST000013,$-0.93,$-0.90,1.3658405125,1.0343659769,2,4,-0.405201794,-0.223956896,0,24,-0.034744156,760,0,-0.505636129,-0.903360274,1.2935016346,0.8985476573,0,1,0,0,0,0,1,-0.328556906,0.4434941582,1,0,0,0,0,0,1,0,1,0,0,0,0,0.1429191955,0.8570808045,0.1429824727,0.8570175273,1,0.1429191955,0,600,250,814,A,Approve,0.05,5.00%
CUST000015,$0.85,$0.20,-1.03011356,-0.383892059,2,1,-0.405201794,-0.735816874,0,48,-0.927045004,702,0,-0.719563694,-0.406819602,-0.184387822,0.4790016594,0,1,0,0,0,0,1,0.0178319095,0.5606611102,1,0,0,0,1,0,0,0,0,0,0,0,0,0.1838649151,0.8161350849,0.1839299601,0.8160700399,1,0.1838649151,0,600,250,804,A,Approve,0.05,5.00%
CUST000016,$-1.20,$-0.54,-0.858973984,-0.02932755,3,4,-0.405201794,-0.843087166,0,48,0.2927841184,751,0,0.4354190033,1.3688324961,-0.701649132,0.8334456921,0,1,0,0,0,0,1,-0.44313077,0.4434941582,0,0,0,0,0,0,0,0,0,0,0,0,0,0.172461836,0.827538164,0.1725220246,0.8274779754,1,0.172461836,0,600,250,807,A,Approve,0.05,5.00%
CUST000017,$0.81,$1.94,1.9648290307,-0.206609805,10,1,0.9777394816,0.1941071444,0,36,1.1248013174,611,0,1.3634378057,1.4336699563,0.0003483597,-0.902606713,1,1,1,0,0,0,2,-0.541837914,-0.381979311,1,0,0,1,0,0,0,1,0,0,0,0,0,0.322713779,0.677286221,0.3228886012,0.6771113988,1,0.322713779,0,600,250,769,A,Approve,0.05,5.00%
CUST000018,$0.54,$0.32,-0.431125042,0.8570837224,5,3,-0.405201794,-1.307975546,1,36,0.1438472545,622,0,-0.201777705,-0.07564441,0.6284513789,-1.184715229,0,1,0,0,1,0,2,-0.398289575,-0.381979311,0,1,0,1,0,0,0,1,1,0,0,0,1,0.533630864,0.466369136,0.53684349,0.46315651,1,0.533630864,1,600,250,717,B,Approve,0.05,7.00%
CUST000019,$-0.26,$0.67,-1.372392713,0.1479547044,5,3,0.9777394816,-0.536562488,0,36,1.592749357,693,0,1.357861662,1.5106889999,0.3698207239,-0.309455475,1,1,0,0,0,0,1,-0.593229615,0.1047768013,1,0,0,1,0,0,0,0,0,1,0,0,0,0.2674141464,0.7325858536,0.2675147948,0.7324852052,1,0.2674141464,0,600,250,783,A,Approve,0.05,5.00%
CUST000020,$-0.44,$-0.37,-0.944543772,0.1479547044,7,3,-0.405201794,-0.353000144,0,24,-0.093788379,713,0,0.3959297851,-0.168933197,-0.62775466,0.5585707279,0,1,0,0,0,0,1,-0.380457357,0.5606611102,0,0,0,0,0,1,1,0,0,0,1,0,0,0.1647706118,0.8352293882,0.1648406161,0.8351593839,1,0.1647706118,0,600,250,809,A,Approve,0.05,5.00%
CUST000021,$-0.35,$0.25,-0.602264619,-1.447585586,8,3,-0.405201794,-0.339785109,0,36,0.4828464641,728,0,0.711612679,0.9317025229,-1.292804915,0.6670740033,0,1,0,0,0,1,2,-0.472568793,0.5606611102,1,0,0,0,0,0,0,0,0,0,1,0,0,0.1846351989,0.8153648011,0.1846966778,0.8153033222,1,0.1846351989,0,600,250,804,A,Approve,0.05,5.00%
CUST000022,$-0.17,$-0.94,0.5957124177,-1.270303332,7,1,2.3606807569,1.0453769539,0,24,-1.311874875,541,1,-1.074267052,-1.411768295,-1.181963206,-2.1323105,1,0,1,0,0,1,2,0.5323360431,-1.046939685,0,0,0,1,0,0,0,0,0,0,0,1,0,0.3143929968,0.6856070032,0.3125116674,0.6874883326,1,0.3143929968,0,600,250,771,A,Approve,0.05,5.00%
CUST000023,$-0.84,$-0.42,0.681282206,-0.206609805,5,2,-0.405201794,0.2747856892,1,48,0.6567621344,598,1,-0.097849977,0.4325795717,-0.51691295,-1.35832047,0,1,1,0,1,0,3,-0.511615732,-0.381979311,0,0,0,1,0,0,1,0,1,0,0,1,1,0.5164862698,0.4835137302,0.5135391862,0.4864608138,1,0.5164862698,1,600,250,721,B,Approve,0.05,7.00%
CUST000024,$-1.15,$-0.95,0.4245728411,1.7434949948,4,6,-0.405201794,-0.678111086,0,24,0.1744329397,741,0,-0.358585418,-0.772798687,2.0324463631,0.7611101752,0,1,0,0,0,0,1,-0.397608531,0.5606611102,1,0,0,0,0,0,1,0,0,1,0,0,0,0.1526182712,0.8473817288,0.1526851781,0.8473148219,1,0.1526182712,0,600,250,812,A,Approve,0.05,5.00%
CUST000025,$-0.08,$-0.66,0.937991571,1.7434949948,10,2,-0.405201794,-1.120246457,0,36,-0.553098286,739,0,-0.946576183,-0.981788289,2.0324463631,0.7466430718,0,1,0,0,0,0,1,-0.000621196,0.5606611102,1,0,0,1,0,0,0,1,0,1,0,0,0,0.1663800701,0.8336199299,0.1664410798,0.8335589202,1,0.1663800701,0,600,250,808,A,Approve,0.05,5.00%
CUST000026,$0.27,$-0.85,1.1947009359,1.2116482314,1,1,1.6692101192,-0.496436135,0,36,-1.302221681,622,1,-1.249647384,-1.396124971,1.4782378167,-1.184715229,1,0,0,0,0,0,0,0.9559856734,-0.381979311,1,0,0,1,0,0,0,1,1,0,0,1,0,0.2140087923,0.7859912077,0.212839286,0.787160714,1,0.2140087923,0,600,250,796,A,Approve,0.05,5.00%
CUST000027,$-1.11,$-1.05,1.1091311476,0.3252369589,11,7,3.0521513945,-0.944112448,0,36,-1.180988065,578,0,-1.111472345,-1.270978381,-0.553860187,-2.226346672,1,0,1,0,0,0,1,0.5213552257,-1.046939685,0,0,0,0,0,0,1,0,0,0,0,0,0,0.2880631052,0.7119368948,0.2888985445,0.7111014555,1,0.2880631052,0,600,250,778,A,Approve,0.05,5.00%
CUST000031,$0.18,$0.12,-0.773404195,-0.915738823,7,1,-0.405201794,0.463344348,0,24,0.844286003,667,0,0.6195241109,-0.023514264,-0.738596369,0.2258273503,0,1,0,0,0,0,1,-0.525173542,0.1047768013,1,0,0,0,0,0,0,0,0,0,0,0,0,0.2192796201,0.7807203799,0.2193487409,0.7806512591,1,0.2192796201,0,600,250,795,A,Approve,0.05,5.00%
CUST000033,$-0.93,$-0.69,-0.51669483,-0.561174314,6,3,-0.405201794,-0.71876331,0,24,0.3706357378,716,0,0.3501247554,-0.191589045,-0.923332551,0.580271383,0,1,0,0,0,0,1,-0.45486987,0.5606611102,0,0,0,0,0,0,1,0,0,0,0,0,0,0.1653164474,0.8346835526,0.1653885756,0.8346114244,1,0.1653164474,0,600,250,809,A,Approve,0.05,5.00%
CUST000035,$-0.35,$-0.66,-1.54353229,-1.447585586,4,3,-0.405201794,-1.038288646,0,36,-1.257484156,699,0,-0.806715,-0.81681737,-1.292804915,0.4573010043,0,0,0,0,0,1,1,0.1960992311,0.1047768013,1,0,0,0,0,0,0,1,0,0,0,0,0,0.1276593024,0.8723406976,0.1278209329,0.8721790671,1,0.1276593024,0,600,250,818,A,Approve,0.05,5.00%
CUST000036,$0.09,$0.73,-1.714671867,-1.447585586,4,4,-0.405201794,-1.208705252,0,48,-0.329327621,689,0,0.1338172952,0.9541890315,-1.292804915,0.3849654874,0,1,0,0,0,1,2,-0.324152667,0.1047768013,1,0,0,1,0,0,0,0,0,1,0,0,0,0.2006947583,0.7993052417,0.2007540448,0.7992459552,1,0.2006947583,0,600,250,800,A,Approve,0.05,5.00%
CUST000037,$-0.71,$-0.36,1.1091311476,2.0980595038,2,2,-0.405201794,0.2310114464,0,36,-0.202229603,655,0,0.2150975349,0.3083171698,2.4019187274,0.13902473,0,1,0,0,0,0,1,-0.352836368,0.1047768013,1,0,0,0,0,0,0,1,0,0,0,0,0,0.2206249996,0.7793750004,0.2206893008,0.7793106992,1,0.2206249996,0,600,250,795,A,Approve,0.05,5.00%
CUST000038,$-0.57,$-0.08,0.4245728411,-0.738456568,9,3,3.0521513945,-1.170815713,0,48,0.5968346775,577,1,0.3133213717,0.7054954039,-0.701649132,-2.233580224,1,1,1,0,0,0,2,-0.492533683,-1.046939685,0,1,0,0,0,0,0,0,0,0,0,1,0,0.467308051,0.532691949,0.4664689909,0.5335310091,1,0.467308051,0,600,250,733,B,Approve,0.05,7.00%
CUST000039,$0.99,$0.25,1.1091311476,0.5025192134,6,1,3.0521513945,-0.072115555,0,36,-0.182824748,576,0,-0.256205023,-0.428546932,0.3328734875,-2.240813776,1,1,1,0,0,0,2,-0.318538335,-1.046939685,0,1,0,0,1,0,1,0,0,0,0,0,0,0.4178804573,0.5821195427,0.4186069222,0.5813930778,1,0.4178804573,0,600,250,746,B,Approve,0.05,7.00%
CUST000040,$-0.84,$-1.07,0.681282206,-0.915738823,5,1,0.9777394816,0.8017540813,0,24,-0.806801221,611,0,-1.201664496,-1.489202747,-0.738596369,-0.902606713,1,1,1,0,0,0,2,0.4459675216,-0.381979311,1,0,0,0,0,0,1,0,0,1,0,0,0,0.2499199425,0.7500800575,0.2501737959,0.7498262041,1,0.2499199425,0,600,250,788,A,Approve,0.05,5.00%
CUST000041,$-1.24,$-0.61,0.7668519943,-1.093021077,2,1,0.286268844,1.3307292119,0,24,1.8622236056,564,0,2.4479643198,1.3016373102,-1.14501597,-0.880906058,1,1,1,0,0,0,2,-0.581731826,-1.046939685,0,0,0,0,0,0,1,0,0,0,1,0,0,0.285998491,0.714001509,0.2862002886,0.7137997114,1,0.285998491,0,600,250,779,A,Approve,0.05,5.00%
CUST000042,$-0.57,$0.30,0.0822936878,-0.915738823,5,3,-0.405201794,0.5618037684,0,24,2.6223990703,674,0,2.6418583007,1.577309868,-0.738596369,0.2764622121,0,1,0,0,0,0,1,-0.635006953,0.1047768013,1,0,0,1,0,0,0,1,0,0,0,0,0,0.2187979554,0.7812020446,0.2188744145,0.7811255855,1,0.2187979554,0,600,250,795,A,Approve,0.05,5.00%
CUST000044,$-0.13,$0.48,0.1678634762,-1.270303332,7,2,0.9777394816,0.2870325446,0,36,1.0538991298,630,0,0.9068848892,0.9308194321,-1.108068733,-0.765169231,1,1,0,0,0,1,2,-0.545799293,-0.381979311,1,0,0,0,0,0,0,1,1,0,0,0,0,0.3090489265,0.6909510735,0.3091991716,0.6908008284,1,0.3090489265,0,600,250,773,A,Approve,0.05,5.00%
CUST000045,$-0.80,$-0.24,-1.372392713,-0.915738823,3,4,0.9777394816,-0.497604651,0,36,0.4433163972,607,0,0.7574956751,0.8408703207,-0.738596369,-0.93154092,1,1,1,0,0,0,2,-0.467081369,-0.381979311,1,0,0,0,0,0,1,0,0,0,0,0,0,0.2863877156,0.7136122844,0.2865866445,0.7134133555,1,0.2863877156,0,600,250,778,A,Approve,0.05,5.00%
CUST000046,$0.72,$-0.06,-1.885811443,-1.447585586,2,2,-0.405201794,-1.09907398,0,48,-1.096225965,687,1,-0.870054475,-0.615665329,-1.292804915,0.370498384,0,0,0,0,0,1,1,0.1819110463,0.1047768013,1,0,0,1,0,0,0,1,0,1,0,1,0,0.132536125,0.867463875,0.1314079018,0.8685920982,1,0.132536125,0,600,250,817,A,Approve,0.05,5.00%
CUST000047,$-0.44,$-0.95,-1.115683349,-0.383892059,1,4,-0.405201794,-0.846098896,0,36,-1.512934522,710,0,-1.256282038,-1.358365224,-0.184387822,0.5368700729,0,0,0,0,0,0,0,1.1534866491,0.5606611102,1,0,0,1,0,0,0,0,0,0,0,0,0,0.1052866522,0.8947133478,0.1053675928,0.8946324072,1,0.1052866522,0,600,250,824,A,Approve,0.05,5.00%
CUST000051,$-0.53,$-0.54,0.5957124177,0.3252369589,1,4,-0.405201794,0.7579311005,0,36,-0.71873408,669,0,-0.389804645,-0.410595577,0.5545569061,0.2402944536,0,1,0,0,0,0,1,-0.16304256,0.1047768013,1,0,0,1,0,0,0,1,1,0,0,0,0,0.2066806262,0.7933193738,0.2067433639,0.7932566361,1,0.2066806262,0,600,250,798,A,Approve,0.05,5.00%
CUST000053,$0.90,$-0.82,-0.773404195,-1.093021077,4,5,-0.405201794,0.0680478913,0,36,-1.588445318,667,0,-1.337197457,-1.466652498,-0.923332551,0.2258273503,0,0,0,0,0,0,0,1.6427475792,0.1047768013,1,0,0,0,0,1,0,0,1,0,0,0,0,0.1103204505,0.8896795495,0.1104128425,0.8895871575,1,0.1103204505,0,600,250,822,A,Approve,0.05,5.00%
CUST000055,$0.32,$0.50,-0.773404195,-0.561174314,4,3,-0.405201794,1.3847187426,0,36,0.0878214434,599,1,0.3306069325,0.3511662739,-0.369124005,-0.266054165,0,1,1,0,0,0,2,-0.407745105,-0.381979311,1,0,0,1,0,0,0,1,1,0,0,1,0,0.2567274884,0.7432725116,0.2564837173,0.7435162827,1,0.2567274884,0,600,250,786,A,Approve,0.05,5.00%
CUST000057,$0.23,$-0.97,0.7668519943,-0.02932755,3,4,-0.405201794,2.111767146,2,36,-1.535264579,436,0,-1.384936497,-1.542958896,0.1850845418,-3.615188596,0,0,1,0,1,0,2,1.949348158,-1.046939685,1,0,0,1,0,0,0,0,0,0,0,0,0,0.3369217168,0.6630782832,0.3417514006,0.6582485994,1,0.3369217168,0,600,250,766,A,Approve,0.05,5.00%
CUST000059,$0.27,$0.65,2.1359686073,1.2116482314,3,4,-0.405201794,1.0545744378,0,24,0.9674766571,705,1,1.4428611108,0.5968344707,1.4782378167,0.5007023144,0,1,0,0,0,0,1,-0.523194378,0.5606611102,1,0,0,0,0,0,0,0,0,0,1,1,0,0.1980981843,0.8019018157,0.1978358287,0.8021641713,1,0.1980981843,0,600,250,800,A,Approve,0.05,5.00%
CUST000061,$0.36,$1.18,1.5369800891,1.2116482314,4,5,-0.405201794,-0.516296424,0,24,1.8489297207,671,0,2.0246017446,1.1643875686,1.4782378167,0.254761557,0,1,0,0,0,0,1,-0.593582901,0.1047768013,1,0,0,0,1,0,1,0,0,0,0,0,0,0.1913258698,0.8086741302,0.191415246,0.808584754,1,0.1913258698,0,600,250,802,A,Approve,0.05,5.00%
CUST000063,$0.18,$0.58,-2.05695102,-1.093021077,0,1,-0.405201794,0.6784368978,0,48,0.0261376036,617,0,0.0609753719,0.6182258064,-0.923332551,-0.135850234,0,1,1,0,0,0,2,-0.386375289,-0.381979311,1,0,0,1,0,0,0,1,1,0,0,0,0,0.2445841885,0.7554158115,0.2446598572,0.7553401428,1,0.2445841885,0,600,250,789,A,Approve,0.05,5.00%
CUST000064,$-1.60,$-1.04,-0.174415677,-1.093021077,4,3,-0.405201794,-0.126663583,0,36,1.0161518224,661,1,0.8940166749,1.1224501476,-1.218910442,0.1824260401,0,1,0,0,0,0,1,-0.541303665,0.1047768013,0,0,1,1,0,0,1,0,0,1,0,1,0,0.4080306729,0.5919693271,0.4059973085,0.5940026915,1,0.4080306729,0,600,250,748,B,Approve,0.05,7.00%
CUST000066,$0.85,$-0.42,1.0235613593,1.5662127403,6,1,-0.405201794,-0.292799739,0,24,-0.506791231,711,0,-0.691642151,-1.052511274,1.2196071617,0.5441036246,0,1,0,0,0,0,1,-0.140061191,0.5606611102,0,1,0,0,1,0,0,0,0,0,0,0,0,0.1837947243,0.8162052757,0.1838534598,0.8161465402,1,0.1837947243,0,600,250,804,A,Approve,0.05,5.00%
CUST000068,$0.27,$1.39,-1.115683349,-0.738456568,5,4,-0.405201794,-0.705992403,0,48,0.9813409566,684,0,0.5891267062,1.5823638649,-0.553860187,0.348797729,0,1,0,0,0,0,1,-0.54609443,0.1047768013,1,0,0,0,1,0,0,0,1,0,0,0,0,0.210291488,0.789708512,0.2103595695,0.7896404305,1,0.210291488,0,600,250,797,A,Approve,0.05,5.00%
CUST000069,$1.74,$1.23,-0.944543772,0.3252369589,5,2,-0.405201794,0.0411012589,0,36,-0.27484131,685,0,-0.055688028,0.0105708311,0.5545569061,0.3560312807,0,1,0,0,0,0,1,-0.318322554,0.1047768013,1,0,0,0,0,1,0,1,0,1,0,0,0,0.202686398,0.797313602,0.2027459869,0.7972540131,1,0.202686398,0,600,250,799,A,Approve,0.05,5.00%
CUST000070,$-0.66,$0.20,1.9648290307,-0.02932755,4,1,-0.405201794,0.5676203343,0,36,1.4102077096,639,0,1.3923498806,1.6152148447,0.1850845418,0.023287903,0,1,0,0,0,0,1,-0.572048507,-0.381979311,1,0,0,0,0,0,1,0,0,0,0,0,0,0.2078859915,0.7921140085,0.2079843655,0.7920156345,1,0.2078859915,0,600,250,798,A,Approve,0.05,5.00%
CUST000072,$-0.75,$-0.56,0.0822936878,0.8570837224,6,1,-0.405201794,-0.821757509,0,36,-0.418261776,759,0,-0.223639848,-0.13185999,1.1087654525,0.8913141056,0,1,0,0,0,0,1,-0.267688954,0.4434941582,1,0,0,0,0,0,1,0,0,0,0,0,0,0.1419253975,0.8580746025,0.1419877731,0.8580122269,1,0.1419253975,0,600,250,815,A,Approve,0.05,5.00%
CUST000073,$-0.04,$0.12,0.3390030528,-0.561174314,6,5,1.6692101192,-0.785588052,0,36,0.0958824222,613,0,0.2273981489,0.2147257056,-0.369124005,-1.249817194,1,1,1,0,0,0,2,-0.405838881,-0.381979311,1,0,0,0,0,0,0,0,0,1,0,0,0,0.3531151035,0.6468848965,0.353362624,0.646637376,1,0.3531151035,0,600,250,762,A,Approve,0.05,5.00%
CUST000074,$0.32,$0.68,0.2534332645,0.8570837224,3,3,-0.405201794,-1.524819946,0,36,0.1394397843,723,0,0.330706463,0.5868363464,0.6284513789,0.6309062448,0,1,0,0,0,0,1,-0.416324646,0.5606611102,0,1,0,0,0,0,0,1,0,0,0,0,0,0.1855717365,0.8144282635,0.1856312769,0.8143687231,1,0.1855717365,0,600,250,804,A,Approve,0.05,5.00%
CUST000075,$-0.66,$-0.89,0.5957124177,0.3252369589,3,3,0.286268844,0.5909080588,0,24,-0.725348354,613,0,-0.705742789,-1.094990989,0.5545569061,-0.526462025,1,1,1,0,0,0,2,-0.059286265,-0.381979311,1,0,0,0,0,0,1,0,0,0,0,0,0,0.2352910098,0.7647089902,0.2354230955,0.7645769045,1,0.2352910098,0,600,250,791,A,Approve,0.05,5.00%
CUST000076,$-0.80,$-0.80,0.5101426294,1.2116482314,5,1,-0.405201794,-0.654113484,0,36,-0.914185839,725,1,-0.742473199,-0.754748699,1.4782378167,0.6453733482,0,1,0,0,0,0,1,0.0253732633,0.5606611102,1,0,0,1,0,0,0,1,1,0,0,1,0,0.1723211257,0.8276788743,0.1720187204,0.8279812796,1,0.1723211257,0,600,250,807,A,Approve,0.05,5.00%
CUST000077,$-0.89,$-1.10,2.8205269138,2.0980595038,3,2,-0.405201794,-0.842274351,0,36,-1.852104975,727,0,-1.438248498,-1.574788194,2.4019187274,0.6598404516,0,0,0,0,0,0,0,3.0198313119,0.5606611102,1,0,0,0,0,0,0,0,0,0,0,0,0,0.0724381146,0.9275618854,0.0725330957,0.9274669043,1,0.0724381146,0,600,250,832,A,Approve,0.05,5.00%
CUST000078,$-0.22,$0.63,2.050398819,-0.738456568,3,7,-0.405201794,-0.961196261,0,48,0.2092974603,718,0,0.4145338736,1.3543394168,-0.553860187,0.5947384864,0,1,0,0,0,0,1,-0.429566691,0.5606611102,1,0,0,0,0,0,1,0,0,0,0,0,0,0.1637331913,0.8362668087,0.1638040559,0.8361959441,1,0.1637331913,0,600,250,809,A,Approve,0.05,5.00%
CUST000080,$1.03,$2.40,0.8524217826,0.5025192134,5,1,-0.405201794,1.3762799155,0,24,2.4312680184,643,0,2.7750506508,1.6152148447,0.7392930882,0.0522221097,0,1,0,0,0,0,1,-0.615757089,-0.381979311,1,0,0,1,0,0,1,0,0,0,0,0,0,0.207029327,0.792970673,0.2071298702,0.7928701298,1,0.207029327,0,600,250,798,A,Approve,0.05,5.00%
CUST000081,$-0.26,$0.27,-1.457962502,-0.206609805,3,3,0.286268844,-0.512163964,0,48,0.061469504,741,0,0.1542661156,0.7939403495,-0.258282295,0.3994325908,1,1,0,0,0,0,1,-0.397040127,0.5606611102,0,1,0,0,0,0,0,1,1,0,0,0,0,0.2018265661,0.7981734339,0.2018871243,0.7981128757,1,0.2018265661,0,600,250,800,A,Approve,0.05,5.00%
CUST000082,$1.92,$0.65,-1.714671867,-0.915738823,4,6,1.6692101192,2.3084813838,0,24,0.2487760697,547,1,0.2006262493,-0.500067757,-0.738596369,-1.727231606,1,1,1,0,0,0,2,-0.432121171,-1.046939685,1,0,0,0,1,0,0,1,0,0,0,1,0,0.4065790329,0.5934209671,0.4059484533,0.5940515467,1,0.4065790329,0,600,250,748,B,Approve,0.05,7.00%
CUST000083,$0.45,$0.58,-0.51669483,0.8570837224,5,1,-0.405201794,-1.096784716,2,36,0.0796291964,589,0,0.1372745816,0.3179363564,1.1087654525,-2.508455188,0,1,1,0,1,0,3,-0.399707508,-0.381979311,1,0,0,0,1,0,0,0,0,0,1,0,0,0.4156900969,0.5843099031,0.4214619554,0.5785380446,1,0.4156900969,0,600,250,746,B,Approve,0.05,7.00%
CUST000084,$-0.26,$0.43,1.7936894541,1.5662127403,4,4,-0.405201794,-1.427147714,0,36,0.3123246527,744,0,0.7542471941,1.0925856205,1.847710181,0.7828108303,0,1,0,0,0,0,1,-0.449139101,0.5606611102,1,0,0,0,0,0,1,0,0,1,0,0,0,0.1525712104,0.8474287896,0.1526394999,0.8473605001,1,0.1525712104,0,600,250,812,A,Approve,0.05,5.00%
CUST000086,$0.23,$-0.46,1.1947009359,1.9207772493,4,1,1.6692101192,-1.265886444,0,36,-0.86678191,670,0,-0.76511316,-0.848608641,2.2171825452,-0.837504748,1,1,0,0,0,0,1,0.0203539744,0.1047768013,1,0,0,1,0,0,0,1,0,0,1,0,0,0.2936134403,0.7063865597,0.2937815624,0.7062184376,1,0.2936134403,0,600,250,777,A,Approve,0.05,5.00%
CUST000087,$-0.08,$-1.05,1.3658405125,-0.206609805,5,3,-0.405201794,-0.585256141,0,36,-1.285925106,739,0,-1.47551442,-1.621050598,0.0003483597,0.7466430718,0,0,0,0,0,0,0,2.7050025526,0.5606611102,1,0,0,1,0,0,0,0,0,0,0,0,0,0.0737313546,0.9262686454,0.0738125223,0.9261874777,1,0.0737313546,0,600,250,832,A,Approve,0.05,5.00%
CUST000088,$-0.49,$0.15,0.2534332645,1.2116482314,3,3,-0.405201794,0.7050435906,0,36,0.6645958811,705,0,0.8755806702,1.0168577125,1.4782378167,0.5007023144,0,1,0,0,0,0,1,-0.495993394,0.5606611102,1,0,0,0,0,0,0,0,1,0,0,0,0,0.1972827399,0.8027172601,0.1973461629,0.8026538371,1,0.1972827399,0,600,250,801,A,Approve,0.05,5.00%
CUST000090,$2.15,$2.40,-0.259985465,1.2116482314,4,1,-0.405201794,-1.023615192,0,36,0.565857572,738,0,0.3977360661,0.6240214885,1.4782378167,0.7394095202,0,1,0,0,0,0,1,-0.486559813,0.5606611102,1,0,0,0,1,0,0,1,0,0,0,0,0,0.1800087584,0.8199912416,0.1800706851,0.8199293149,1,0.1800087584,0,600,250,805,A,Approve,0.05,5.00%
CUST000092,$-0.80,$-0.74,-0.259985465,1.2116482314,6,1,-0.405201794,1.5604862375,0,36,-0.692430037,650,0,-0.497266909,-0.567028814,1.4782378167,0.1028569716,0,1,0,0,0,0,1,-0.142231897,0.1047768013,1,0,0,0,0,0,0,1,1,0,0,0,0,0.2167012373,0.7832987627,0.2167683258,0.7832316742,1,0.2167012373,0,600,250,796,A,Approve,0.05,5.00%
CUST000094,$-0.22,$-1.04,0.4245728411,0.6798014679,4,4,-0.405201794,2.035472913,0,48,-1.506213187,665,0,-1.462272924,-1.573262607,0.9240292703,0.2113602469,0,0,0,0,0,0,0,2.8632213983,0.1047768013,1,0,0,1,0,0,0,0,0,1,0,0,0,0.0901818302,0.9098181698,0.0903095093,0.9096904907,1,0.0901818302,0,600,250,827,A,Approve,0.05,5.00%
CUST000096,$0.05,$-0.56,-1.714671867,-1.270303332,4,4,-0.405201794,-1.439862465,0,48,-1.038455666,745,0,-1.061754639,-0.897885111,-1.108068733,0.790044382,0,0,0,0,0,1,1,0.3594651344,0.5606611102,1,0,0,1,0,0,1,0,1,0,0,0,0,0.0929089545,0.9070910455,0.093004163,0.906995837,1,0.0929089545,0,600,250,827,A,Approve,0.05,5.00%
CUST000097,$-0.13,$-1.02,0.937991571,1.3889304858,5,3,-0.405201794,0.0004719591,0,24,-0.985696553,687,0,-1.316080815,-1.56037987,1.071818216,0.370498384,0,1,0,0,0,0,1,0.9269474769,0.1047768013,0,1,0,1,0,0,0,0,0,1,0,0,0,0.1663539464,0.8336460536,0.1665206749,0.8334793251,1,0.1663539464,0,600,250,808,A,Approve,0.05,5.00%
CUST000098,$-0.71,$-0.89,0.1678634762,0.8570837224,4,2,-0.405201794,1.4257449505,0,36,-1.088547806,679,0,-0.954093786,-1.062854161,1.1087654525,0.3126299705,0,0,0,0,0,0,0,0.2561127741,0.1047768013,1,0,0,0,1,0,0,0,1,0,0,0,0,0.1340284154,0.8659715846,0.134196663,0.865803337,1,0.1340284154,0,600,250,816,A,Approve,0.05,5.00%
CUST000100,$0.90,$-0.29,0.8524217826,1.7434949948,9,3,-0.405201794,-0.408942687,0,48,-1.202549888,785,0,-1.05532138,-0.932128081,2.0324463631,1.0793864495,0,0,0,0,0,0,0,0.4407420689,0.4434941582,1,0,0,1,0,0,0,0,1,0,0,0,0,0.0946878916,0.9053121084,0.0947779774,0.9052220226,1,0.0946878916,0,600,250,826,A,Approve,0.05,5.00%
CUST000101,$-0.53,$-1.02,-0.431125042,0.3252369589,2,3,-0.405201794,1.8960935017,0,48,-1.24032057,576,0,-1.386458801,-1.469127148,0.5545569061,-0.432425853,0,0,1,0,0,0,1,1.6022091611,-1.046939685,1,0,0,0,1,0,0,1,1,0,0,0,0,0.1451285076,0.8548714924,0.1452794281,0.8547205719,1,0.1451285076,0,600,250,814,A,Approve,0.05,5.00%
CUST000103,$-0.71,$0.15,-0.088845889,0.1479547044,2,1,-0.405201794,0.0951736358,0,48,1.4441900883,641,0,0.7105408023,1.6366393967,0.3698207239,0.0377550064,0,1,0,0,0,0,1,-0.606667344,-0.381979311,1,0,0,1,0,0,0,1,0,0,0,0,0,0.2374155941,0.7625844059,0.2374969257,0.7625030743,1,0.2374155941,0,600,250,791,A,Approve,0.05,5.00%
CUST000104,$-0.89,$-0.42,-0.602264619,0.6798014679,3,3,0.286268844,1.6315760449,0,36,0.2957354465,588,1,0.5945976837,0.5518804983,0.9240292703,-0.707300818,1,1,1,0,0,0,2,-0.445345212,-0.381979311,1,0,0,0,0,0,0,1,0,0,0,1,0,0.29932813,0.70067187,0.299018196,0.700981804,1,0.29932813,0,600,250,775,A,Approve,0.05,5.00%
CUST000109,$-0.53,$-0.92,1.2802707242,-0.561174314,4,7,-0.405201794,0.8904806868,0,36,-1.443555168,711,0,-1.134356832,-1.250120616,-0.553860187,0.5441036246,0,0,0,0,0,0,0,0.7308064974,0.5606611102,0,1,0,0,0,0,1,0,0,0,0,0,0,0.0967122341,0.9032877659,0.0967973561,0.9032026439,1,0.0967122341,0,600,250,826,A,Approve,0.05,5.00%
CUST000110,$1.83,$1.67,-0.687834407,-1.093021077,3,8,-0.405201794,-0.978302177,0,36,0.461795629,747,0,0.1274041342,0.2970692799,-0.923332551,0.8045114854,0,1,0,0,0,0,1,-0.4700627,0.5606611102,1,0,0,0,1,0,0,1,0,0,0,0,0,0.1751271025,0.8248728975,0.1751882892,0.8248117108,1,0.1751271025,0,600,250,806,A,Approve,0.05,5.00%
CUST000111,$0.67,$-0.16,0.7668519943,0.3252369589,5,4,-0.405201794,0.6153967248,0,36,-0.220831383,705,0,-0.654595871,-0.702604286,0.5545569061,0.5007023144,0,1,0,0,0,0,1,-0.246444967,0.5606611102,1,0,0,1,0,0,0,0,0,0,0,0,0,0.1899197775,0.8100802225,0.1899775989,0.8100224011,1,0.1899197775,0,600,250,803,A,Approve,0.05,5.00%
CUST000112,$-1.15,$-0.97,0.7668519943,0.1479547044,4,3,-0.405201794,-0.687351116,0,36,-1.103975252,719,1,-0.822926149,-0.848608641,-0.62775466,0.6019720381,0,0,0,0,0,0,0,0.1482124172,0.5606611102,0,0,0,1,0,0,0,0,0,0,0,1,0,0.121305846,0.878694154,0.1201959196,0.8798040804,1,0.121305846,0,600,250,820,A,Approve,0.05,5.00%
CUST000113,$0.54,$1.23,-1.286822925,0.1479547044,7,4,-0.405201794,-1.629945779,0,48,1.1037098867,736,0,0.1194875792,0.9871814072,0.3698207239,0.7249424168,0,1,0,0,0,0,1,-0.589411492,0.5606611102,1,0,0,1,0,0,0,0,0,0,1,0,0,0.1839048471,0.8160951529,0.1839723927,0.8160276073,1,0.1839048471,0,600,250,804,A,Approve,0.05,5.00%
CUST000115,$0.05,$0.25,-1.372392713,-0.561174314,5,1,2.3606807569,0.1903879162,0,36,0.2497572225,557,1,0.4388272699,0.3093883974,-0.369124005,-2.016573673,1,1,1,0,0,0,2,-0.436391651,-1.046939685,1,0,0,0,0,0,1,0,0,0,0,1,0,0.3980468768,0.6019531232,0.3971431936,0.6028568064,1,0.3980468768,0,600,250,750,A,Approve,0.05,5.00%
CUST000116,$-1.02,$-0.44,-0.602264619,-1.093021077,6,2,-0.405201794,-0.837253333,0,48,-0.085624016,681,0,0.1543228782,0.9376633862,-1.14501597,0.3270970739,0,1,0,0,0,0,1,-0.370221687,0.1047768013,0,0,0,1,0,0,0,1,0,0,0,0,0,0.206474763,0.793525237,0.206535589,0.793464411,1,0.206474763,0,600,250,798,A,Approve,0.05,5.00%
CUST000117,$-1.47,$-0.87,-0.858973984,-0.206609805,3,6,-0.405201794,-1.060995524,0,24,1.8065073628,703,1,2.1243441523,1.2867050466,-1.03417426,0.4862352111,0,1,0,0,0,0,1,-0.586573731,0.5606611102,0,0,1,0,1,0,0,0,1,0,0,1,0,0.4172675443,0.5827324557,0.4153888393,0.5846111607,1,0.4172675443,0,600,250,746,B,Approve,0.05,7.00%
CUST000118,$1.52,$-0.66,-1.714671867,-1.093021077,4,4,-0.405201794,0.2386584724,0,24,-0.483231406,647,0,-1.11627234,-1.40212515,-0.923332551,0.0811563165,0,1,0,0,0,0,1,0.1036192244,-0.381979311,1,0,0,0,1,0,0,0,0,0,1,0,0,0.210592286,0.789407714,0.2106748653,0.7893251347,1,0.210592286,0,600,250,797,A,Approve,0.05,5.00%
CUST000119,$0.09,$0.37,0.2534332645,0.3252369589,9,2,-0.405201794,1.1729667538,0,36,0.3225936449,716,0,0.3831140037,0.425368381,0.5545569061,0.580271383,0,1,0,0,0,0,1,-0.447310307,0.5606611102,1,0,0,0,0,0,0,0,0,0,0,0,0,0.1900611335,0.8099388665,0.1901219351,0.8098780649,1,0.1900611335,0,600,250,802,A,Approve,0.05,5.00%
CUST000120,$-0.89,$-0.51,0.2534332645,0.6798014679,2,2,-0.405201794,0.853385797,0,24,0.7131999797,631,1,1.0418972821,0.2925306577,0.9240292703,-0.034580511,0,1,0,0,0,0,1,-0.50023506,-0.381979311,1,0,0,1,0,0,0,1,0,0,0,1,0,0.2398797745,0.7601202255,0.2396389478,0.7603610522,1,0.2398797745,0,600,250,790,A,Approve,0.05,5.00%
CUST000121,$-0.22,$-1.07,0.681282206,-0.915738823,4,1,-0.405201794,-0.39088702,0,36,-1.391346486,654,0,-1.482969726,-1.631234924,-0.738596369,0.1317911783,0,0,0,0,0,0,0,3.0421583319,0.1047768013,1,0,0,0,1,0,0,1,0,0,0,0,0,0.0904468821,0.9095531179,0.0905908208,0.9094091792,1,0.0904468821,0,600,250,827,A,Approve,0.05,5.00%
CUST000122,$-0.57,$-0.16,-0.259985465,0.5025192134,7,1,-0.405201794,0.1611204884,0,48,-0.06532034,703,0,-0.048868726,0.5159705204,0.7392930882,0.4862352111,0,1,0,0,0,0,1,-0.361991431,0.5606611102,1,0,0,1,0,0,1,0,0,0,0,0,0,0.1689673736,0.8310326264,0.1690384415,0.8309615585,1,0.1689673736,0,600,250,808,A,Approve,0.05,5.00%
CUST000123,$-0.75,$-0.59,0.1678634762,2.0980595038,5,1,-0.405201794,0.4510037936,1,36,-0.547128543,558,1,-0.23678441,-0.221453572,2.4019187274,-1.647662537,0,1,1,0,1,0,3,-0.235860266,-1.046939685,1,0,0,0,0,0,0,1,1,0,0,1,1,0.579219816,0.420780184,0.5767473122,0.4232526878,1,0.579219816,1,600,250,705,B,Approve,0.05,7.00%
CUST000124,$0.54,$1.44,-0.944543772,-0.561174314,7,4,-0.405201794,0.1842958895,1,48,0.2211319654,537,1,0.4475032383,1.2383947822,-0.369124005,-1.799567123,0,1,1,0,1,0,3,-0.432031219,-1.046939685,1,0,0,0,1,0,1,0,0,1,0,1,1,0.5637433391,0.4362566609,0.5611366333,0.4388633667,1,0.5637433391,1,600,250,709,B,Approve,0.05,7.00%
CUST000125,$0.76,$0.29,1.3658405125,-0.561174314,7,4,-0.405201794,1.883335651,0,36,-0.291208364,614,0,-0.207635111,-0.267850248,-0.369124005,-0.157550889,0,1,1,0,0,0,2,-0.298860086,-0.381979311,1,0,0,1,0,0,0,1,1,0,0,0,0,0.2433967383,0.7566032617,0.2434722151,0.7565277849,1,0.2433967383,0,600,250,789,A,Approve,0.05,5.00%
CUST000127,$-0.62,$-0.28,-0.858973984,0.3252369589,5,2,-0.405201794,0.7792437061,0,24,0.7799783467,728,0,1.0896684541,0.3340266322,0.5545569061,0.6670740033,0,1,0,0,0,0,1,-0.50770872,0.5606611102,1,0,0,0,0,0,0,1,0,1,0,0,0,0.1856371785,0.8143628215,0.1857002554,0.8142997446,1,0.1856371785,0,600,250,804,A,Approve,0.05,5.00%
CUST000128,$0.90,$2.07,-0.944543772,-1.447585586,8,1,-0.405201794,2.6029361892,0,36,1.0698010733,646,0,1.4628160429,1.4565279083,-1.292804915,0.0739227648,0,1,0,0,0,1,2,-0.533674114,-0.381979311,1,0,0,0,1,0,0,1,0,0,0,0,0,0.2319136816,0.7680863184,0.2319876916,0.7680123084,1,0.2319136816,0,600,250,792,A,Approve,0.05,5.00%
CUST000129,$-1.47,$-1.02,-0.773404195,-1.270303332,3,5,-0.405201794,-0.896953674,0,36,-0.237924289,696,1,-0.277604313,-0.191589045,-1.255857679,0.4356003492,0,1,0,0,0,1,2,-0.303019518,0.1047768013,0,0,1,1,0,0,0,0,0,1,0,1,0,0.4099868814,0.5900131186,0.4081230491,0.5918769509,1,0.4099868814,0,600,250,748,B,Approve,0.05,7.00%
CUST000131,$-0.22,$0.05,0.5957124177,-0.383892059,3,1,-0.405201794,0.3076964875,0,36,0.5408881732,654,0,0.2477247835,0.339823864,-0.184387822,0.1317911783,0,1,0,0,0,0,1,-0.483666957,0.1047768013,1,0,0,1,0,0,0,0,1,0,0,0,0,0.2254940035,0.7745059965,0.2255631202,0.7744368798,1,0.2254940035,0,600,250,794,A,Approve,0.05,5.00%
CUST000132,$-0.22,$0.67,-0.345555254,0.1479547044,3,3,-0.405201794,0.3548330836,0,36,1.3380351311,654,0,1.1917721551,1.4123117341,-0.62775466,0.1317911783,0,1,0,0,0,0,1,-0.570986926,0.1047768013,0,0,0,0,1,0,1,0,1,0,0,0,0,0.1996577853,0.8003422147,0.199750632,0.800249368,1,0.1996577853,0,600,250,800,A,Approve,0.05,5.00%
CUST000134,$0.76,$0.35,1.3658405125,1.0343659769,5,4,-0.405201794,-1.064407743,0,48,-1.003336185,802,0,-0.598458743,-0.197455291,1.2935016346,1.2023568282,0,0,0,0,0,0,0,-0.014011672,0.4434941582,1,0,0,0,1,0,1,0,1,0,0,0,0,0.0831725237,0.9168274763,0.0832725475,0.9167274525,1,0.0831725237,0,600,250,829,A,Approve,0.05,5.00%
CUST000139,$-1.47,$-0.97,1.5369800891,1.7434949948,6,3,2.3606807569,-0.21913128,0,48,-0.122459596,600,1,0.0083831733,0.3011756524,-0.62775466,-1.705530951,1,1,1,0,0,0,2,-0.354316297,-0.381979311,0,0,1,1,0,0,1,0,0,0,1,1,1,0.6157542344,0.3842457656,0.6141806811,0.3858193189,1,0.6157542344,1,600,250,696,C,Review,0.05,9.00%
CUST000140,$-0.66,$-0.03,-0.0032761,-0.915738823,3,3,-0.405201794,0.2824421004,0,24,1.7573271193,702,1,1.9410529197,1.0403226981,-0.738596369,0.4790016594,0,1,0,0,0,0,1,-0.588085056,0.5606611102,1,0,0,0,0,0,0,1,1,0,0,1,0,0.201675565,0.798324435,0.2014018099,0.7985981901,1,0.201675565,0,600,250,800,A,Approve,0.05,5.00%
CUST000141,$0.76,$0.02,0.0822936878,1.2116482314,9,3,0.9777394816,-1.126941618,0,36,-0.867341576,691,0,-0.522141877,-0.549430075,1.4782378167,-0.323922578,1,1,0,0,0,0,1,-0.084166162,0.1047768013,1,0,0,1,0,0,0,1,0,0,0,0,0,0.2502529323,0.7497470677,0.2503459876,0.7496540124,1,0.2502529323,0,600,250,787,A,Approve,0.05,5.00%
CUST000143,$-1.15,$-0.80,1.1091311476,0.8570837224,6,2,-0.405201794,-1.624401538,0,24,1.0055362657,747,0,0.4270313692,-0.090509107,0.1481373054,0.8045114854,0,1,0,0,0,0,1,-0.555979444,0.5606611102,0,0,0,0,0,0,0,1,1,0,0,0,0,0.1774853446,0.8225146554,0.1775506554,0.8224493446,1,0.1774853446,0,600,250,806,A,Approve,0.05,5.00%
